"","FALSE","TRUE","class.error"
"FALSE",8380,112,0.0131888836552049
"TRUE",403,666,0.376987839101964
