"","mse","rsq"
"1",0.403942664897609,0.596580072939373
